Id,SalePrice
109,100393064.2432406
544,103782147.52941518
153,73543293.34474966
318,76990245.00327057
255,97061189.32426652
138,124563298.06287499
2827,53126558.15558134
145,97671283.99636368
1942,99882448.20704812
1956,105314092.31372073
1044,40217028.114752196
2752,74326779.8150586
807,152467741.4985772
1177,63208594.49268224
1480,83573000.44109571
324,87072729.09436955
1311,55090992.78878393
770,78851019.91434892
2063,72249309.21632281
69,77276491.23231122
2062,71731928.09143369
351,82183718.67775816
2393,109086920.37499727
12,79712809.24458055
2339,186880735.48484942
624,100232247.3225978
86,71725757.28777647
1534,100721048.67157163
2243,83578782.81815721
1957,64273713.3270418
380,120060857.01510538
2860,86953280.73529604
2517,91574859.338438
1933,81515900.61644822
820,108719214.20916635
675,68807162.77298386
2910,55221449.439145446
21,111261081.67544934
1873,88727940.1045476
2125,72478708.94680876
1489,89004643.91351444
2383,130094902.50605114
983,84436006.17396027
1325,97967741.70456873
1378,88254617.2915777
1537,87551863.31233163
905,92951886.27969377
1532,69168883.87328258
132,79864762.80886848
1078,52656375.80508879
2511,57925090.31835743
912,88525265.1229614
2351,143178007.50480753
330,40478332.16267423
2586,83645986.36469205
224,79010489.67134887
98,47814135.11906456
2565,76686236.33822273
1934,69733296.91374314
997,106202927.66875333
64,110142599.2075327
1799,98913085.45679379
230,137944404.4079441
1295,76962095.67301713
638,81715544.87022771
2278,74591143.73854952
2202,49520355.7369405
2833,59249828.99902962
1707,113971837.03477155
2428,59326776.999853164
242,129843285.70352851
1564,165087376.27860528
2613,77646554.99625759
2832,55419461.6777822
2459,87861098.55856669
1360,54612869.661523394
2723,103021979.2216499
1350,48356405.93410249
136,107343984.36187956
2235,73628892.1738911
1993,54972056.01845488
367,156373597.63824767
1309,92969101.92004561
402,70893464.6467912
1592,65278440.79050166
2409,83714603.96563165
539,87570564.7893781
1940,90115290.53791636
588,87597615.37921241
96,50424963.18000959
1187,97565899.54438087
2154,119817823.00602812
550,79571333.80210997
811,66130340.41723734
124,104709235.49146216
1836,53627407.550854675
779,106060830.83833814
1886,69340276.19326961
1724,89044783.11821239
2450,112255488.18842737
1013,131953921.60568096
2084,65395083.45722344
1184,125494448.42281094
728,65273492.58216052
950,103502360.65446486
2524,101442113.79553007
2513,53736784.17453584
2028,93448711.01422876
2309,220771252.70143327
51,53392701.810175985
699,70509745.37528405
1881,91810527.35322265
1345,69175120.27313094
166,80969012.84287092
781,59723539.23525913
379,100599462.81078489
2818,121272564.47555725
1168,79119498.68378793
1396,99839543.14797607
838,115668843.98460591
1492,94700670.43988733
637,78471001.90800653
1826,82027348.06415439
173,71410010.90943421
715,52359890.45928682
1183,175691932.43104747
2433,75556726.70451047
2866,92459940.72270614
2311,80679128.9004352
1551,68801569.30334951
1049,49229411.15917345
657,82373039.48336492
414,52749340.07851875
1181,109129488.30585872
1514,58604388.917940654
1040,41496597.238897815
216,59439432.18457675
1720,68408927.67875284
2331,153794825.58782938
204,95667019.7606169
19,110577228.24078836
2438,88901982.67217033
89,68412450.49878116
240,85278880.92483577
105,108767026.02362072
2020,68672324.86078385
888,73969573.16450435
1019,101106739.18666315
2132,91025458.97751789
203,81519083.75887053
420,86527707.70628707
2333,141529573.26345876
632,83791577.37590848
2800,101605448.14431232
1885,64642497.59528848
1734,100081439.4897837
2327,54916245.40033417
1282,90299097.23859636
2688,81767453.2195102
2581,83314910.34404603
2067,144594951.67115667
2115,91732306.2854769
754,64790455.543829225
1079,57103862.04000504
2615,64334360.51724341
329,44045826.891114615
1320,54991587.63493969
416,51698429.72361404
284,82481450.84240572
1385,70287065.53306846
275,66346692.066865526
2024,74605780.89797269
68,78709485.06834012
1910,84962573.13753024
381,102132514.07116903
1323,103668338.00571051
2432,76223542.02750623
777,86712375.83349888
1107,116557915.89942141
30,40227281.05443921
282,72937107.0179386
188,74928498.45244657
2356,84220287.87330556
1554,83309980.39113337
1464,84528255.25274113
2469,72051850.5502518
1834,121040863.95390418
1779,117546607.51775298
2569,115464224.95881182
2334,115105415.68489397
2330,144337957.8023212
2119,132869293.69443516
988,101755128.97981837
382,85345620.12964034
670,116486439.62834401
2760,107531904.97006038
543,77455836.52730447
2835,70232130.49675955
1735,76195678.40327491
448,130456250.12134413
2287,40205418.488121845
524,103400848.20179182
1767,102414420.31487374
2206,75181563.35512081
1740,70905382.8942475
199,59691526.7994181
2214,163873990.8763686
323,102944842.94104348
2421,60137231.13640947
952,85699207.35806438
24,86277496.657949
1139,76793560.82917516
518,78388565.91753688
1390,76332904.18694
277,88761749.15545097
54,55109517.470273025
649,73144649.37922676
2600,53559069.50007995
617,105112410.65216124
2209,58331835.03814287
2814,76678399.19179016
2542,86535751.56921239
2323,123886433.90145831
1393,104150173.63870806
490,68266888.01253593
542,95433513.36220072
973,67599995.30184436
1012,106412610.02536677
2218,67814304.24730398
2033,112469689.9867676
1071,106080646.5066831
1583,96358559.89902106
2858,84850386.84473266
2265,85299329.94193555
1088,82229319.62848713
698,79016093.24165586
1896,152119842.27469113
628,112225053.4436695
1212,78199927.61889303
2864,83833316.99140365
2740,88994641.69051778
2560,93151950.09695649
1716,76284618.620113
1130,79293519.93480937
201,68413140.11372611
2886,152820373.34196466
2328,73530101.98791035
2583,75751712.83495888
1206,69481291.96080458
2242,68580649.84279576
1105,111784289.10370721
121,88557353.2459486
1223,47761387.299444094
265,109898394.01254249
2813,86913672.71541582
1294,74772813.32030188
2745,65292431.9276301
1094,89234506.78437006
651,91627621.8448071
198,65559146.320788495
131,61244214.802305035
1258,48670176.75239123
1599,117338784.0450368
1508,78413386.67836289
615,50759495.40347343
1815,84800219.27038538
2712,78466745.65747687
2051,97440168.69858237
1863,84557662.12320817
2510,46896225.90540642
1069,137066036.425346
336,86932943.58700743
2417,102995192.37675472
1962,65380160.93823638
372,117260864.35957712
2578,89736981.9593636
2824,70826270.29009698
471,60262657.26859134
1544,50233784.86793576
2141,65381756.81360815
2008,78137691.15703665
1075,102498530.74626175
34,53675215.479872696
847,80649376.37101947
1629,75644892.95280632
2073,95682399.67281707
960,131886091.70129265
955,95306445.76844887
2476,77258028.0844967
1590,84152026.72496837
2913,101211205.8924486
149,71788343.07002787
2525,88932042.0410427
1470,55508820.018047266
412,49634735.056573905
1399,61631333.10359391
183,62411544.1303914
974,39710410.62042617
930,109447640.02680941
881,83343795.88788736
1180,91481875.68537025
1553,90063032.43109216
928,91290767.35441306
1512,65417606.678187974
3,110655770.43924646
2140,74639753.33546741
553,64254442.88847479
2594,68917377.35414653
1314,90394701.32237072
366,74632134.38247773
1462,128558275.6256976
2541,113777843.4899474
2088,69832591.68717594
527,84121607.72058502
1824,103248691.22978665
2918,40788648.40094209
49,90518222.5588733
2332,111683528.57385597
826,104234246.20063724
1108,100961037.71624611
2041,89701876.44737962
57,79732992.12830855
520,80841300.59466323
2305,78350468.78272218
2533,81235130.41617286
2852,61555360.17658944
1198,91381091.36896999
1681,55665264.85767429
1773,149796636.40524828
1825,73568149.15851434
2208,57819840.72995155
1646,96426152.62315777
1060,132424347.31968465
748,100118553.36865576
2846,75863842.72799899
493,93687531.45771182
694,55134652.8233414
2283,193227408.94405943
1800,105271112.68195666
1632,51894762.34122427
2624,69044112.93317506
2197,82081043.00246307
1045,41847169.39643449
2549,80054021.24638851
2829,55419219.12036544
2480,90310473.51040073
2724,78488241.56917007
2352,92396573.45751442
1783,98321830.07139029
338,82358062.3338687
196,61304008.99734575
762,43423805.78367687
151,83149904.48817445
158,112202002.55381416
2572,76297664.27058953
1686,107192978.69255838
943,75334292.5907907
735,60148159.44845064
2741,79414076.40856089
1106,122182987.97630249
2375,74340817.54411118
1701,126864167.11803666
2657,53379995.33650761
907,59843847.458792225
1777,108212104.62898062
164,79124831.70544553
1973,65818553.39898703
2857,64857087.178699784
1208,80583901.72293426
319,97724345.77726473
2567,99715712.84792827
2222,100503405.27764882
2493,69991371.53261946
1757,77533136.57210028
184,81430917.50453259
1248,90724070.16089866
2574,79630787.16715136
1215,78460753.85368268
1614,140567471.64840156
2039,61075728.27192779
2669,74743257.09869324
1005,89494248.6771966
753,72746393.95224014
1275,59504665.12156753
2350,101575901.80270669
2762,89379389.7941298
2788,63792017.29683256
2384,104923450.44086285
2716,96988457.74766727
313,93013561.79054344
84,79334746.0877051
81,79015942.5863199
2389,114706256.5386316
280,73400571.61996692
190,99415388.14866687
2371,40145240.247046806
213,56478648.09176025
1864,84884989.07724181
37,114981803.43232584
146,86556306.91137722
809,78120510.11137696
767,68265690.19588739
262,78453837.19162948
101,53758115.26754163
48,122587134.22771941
489,80376743.18695635
2369,44112056.95692636
707,62554547.008656844
1556,70226658.70434622
2034,66414772.34785225
308,67265160.26707296
2176,77362744.74950515
1549,62146595.06631578
909,80647405.88990027
892,118827668.21138397
2045,110195888.48803917
2927,71646010.5618699
1732,76307047.28235076
998,104940643.32071286
2203,64943088.699696936
356,78295308.78076473
2475,99865579.42893226
2264,96946096.05820906
2201,78634300.49024737
2545,89088533.57958932
2660,92089368.22548251
2882,76048455.83087896
1379,94404114.4105336
491,130291844.55284585
1002,70804998.43540215
1848,55171986.17902492
1455,97008962.1737984
908,56096628.766483136
1490,86505457.55489804
1465,100878599.503538
1627,78309162.24016215
2849,70074403.56066012
1501,56324862.72604619
626,121797681.02227537
722,80331891.05096775
2260,85647055.22049204
1639,222839540.62692776
1603,60939763.13847242
1520,73593916.06641413
1665,75611967.25562292
2635,72332077.54845294
581,97026540.99578089
2435,99199235.74165972
2799,103356821.7357789
883,76923265.64001158
2537,71811429.48832175
1120,92222325.52300358
774,68351966.0262068
1447,94422598.5997435
104,43665225.414870486
2694,72547923.26129872
920,103163297.0744093
1951,85233108.41064386
9,81551930.86286037
2848,94337290.32424557
614,74489385.78134136
1736,78858249.39532214
2686,77362845.8426289
2257,95940407.5731921
1284,72710806.1215891
1765,122050261.37679821
1811,87016759.83426218
2603,91268212.75507672
2220,91007912.75938094
2273,113004990.00995919
163,75205136.58146787
2116,714567766.0825263
2734,62978093.5568969
426,111953727.07622725
2216,78808270.83080354
2900,127167324.78742053
97,47508644.11198067
1680,51692537.47956183
1133,87225236.6016128
2761,92325037.09106946
1642,140231964.07368863
1141,84258267.50945564
2118,105222288.30970396
870,122689034.09323242
1875,72677277.62638775
155,54527269.77166783
1318,66311769.78354789
1285,49919200.536575206
2400,118955015.97664806
1068,147960463.26031774
361,81627175.69666164
1493,87576127.63688877
1110,131087541.63934858
911,57678452.57250396
2535,79743197.5486348
2030,59742006.401989765
2634,63301896.41460258
1530,84668962.52620578
435,103218475.09824197
812,66130928.17916155
1202,84233852.09587552
666,71064751.42444785
1751,78062945.76317228
705,57983261.926695995
1744,72008199.51774949
357,73392515.86995688
2133,99046693.50264701
989,91796303.29904816
562,69766820.40137845
1054,138951731.06147283
2850,70995163.95113742
1082,72893340.5683876
1440,85843003.5227126
2006,64651328.607668065
2082,73824180.07560767
2344,121229098.52128068
248,97902750.89675419
2276,109712600.43205862
755,78637715.0387469
1178,76722547.14601976
2636,88797139.38386908
2077,107993455.15009868
2930,96417418.810124
737,62883724.58033651
837,80723232.5629078
2086,84367470.71356228
2385,133887859.61679588
189,69221820.71472514
635,93309985.55759828
432,130558732.31818987
900,96639680.24825004
966,78520395.69014439
1612,100635260.36865911
904,74764644.14167902
2487,101364330.15011317
1304,59284669.36635674
2112,84569928.18838143
1244,80293891.82021864
843,88477977.34749421
2689,62382121.758686334
2753,76824017.0450014
1169,70177921.78236866
1376,82544840.47262584
2503,115784043.37610534
1987,86206859.43780753
1190,118004155.75294496
1930,82740949.35044728
2677,63918226.545193195
1256,64899080.4370443
2484,80301580.71687736
1253,74309574.4034047
1337,59608574.037464276
1788,90980054.33863313
141,78038981.9647601
1669,65573206.72330702
1366,69497249.93931457
52,118346170.04419088
1380,61461682.84106099
919,97815839.94746383
2804,55432347.50012225
782,92969090.63002202
956,103515787.27560706
187,90280197.47139667
2074,101951660.13903688
1039,62380086.09880514
1210,79767536.59517932
2710,94120367.014244
44,90224985.64024308
1026,93534389.30026095
1343,59806834.71441566
2248,97569869.70287457
1849,52854115.883655496
2076,144065144.01563892
2641,81687063.51132387
5,106761056.55527727
878,55554407.94149122
1548,58300241.337332085
841,83022860.38178992
1621,80750669.03402217
218,97853269.31686084
1504,59931073.91158859
946,113544740.97443634
455,93672171.99618873
2906,65814216.263568826
2878,82345247.11422348
1173,48939581.05007812
985,69782295.44701697
975,75512963.97059461
202,84294112.68189175
528,89877399.49688219
2579,104900460.39802168
1841,67115989.05879387
591,89995986.39760073
1897,108914260.30254813
70,95131000.33575776
590,116527083.64938384
1172,82870355.89705017
1714,92507189.89813517
829,92233515.63213685
1397,74165575.07576236
877,90975841.47705492
2477,73724755.15725069
2871,112567440.79231007
2489,80615173.14497565
1655,94039901.88921604
1891,81348319.95022617
1419,116986189.49916103
1473,92492998.16403985
2868,110310412.82219979
1695,114645471.2782742
2244,72085466.1202139
169,79067648.69776912
2670,55151034.3754357
247,106687362.61801846
2137,81150567.3821343
1794,79115959.20824313
1498,270829768.5829267
1164,51308092.72219993
1179,109978711.64949492
1340,54179780.184029765
436,137532051.49380237
1636,126584512.24572465
421,114653994.79192872
457,153727228.8088706
2834,58115973.65782642
517,73301211.08661605
1566,93077627.1982682
1439,81664657.43526618
2577,85451471.58126448
2241,101375572.83070083
71,102927198.92012313
1143,108294608.31160629
1021,148103095.49384344
1416,90443108.4819667
35,39623478.50533013
2904,165984786.1766222
2174,86630760.95360422
522,100828634.57815318
2211,78729542.6159013
1539,116212698.6673116
2420,58913141.46207392
2779,107928364.92923033
953,81695309.80154677
658,63740536.32182383
714,79627035.26455438
1637,119213831.21495527
538,96778760.17778277
546,81108390.26313576
533,79958511.0721682
718,83440025.28617723
1830,86073090.6588619
2929,93760251.08336197
2207,45567711.78087333
1417,72180421.39983205
2787,79947669.86147647
1037,64676077.918448254
2659,87081309.34029967
1567,81851568.65127535
1225,79566688.87903915
685,80214710.43836874
1358,61898373.254952095
1461,103058376.66671267
221,73589064.14968847
2187,75940040.99335851
2504,113106077.94849192
855,66923126.21418011
2258,119022135.16046055
2205,67188441.60739453
1158,106250119.88143107
1741,72464309.0351378
2735,85355260.4265289
1888,98532689.86858672
2121,73871225.86251579
1176,61386746.82214855
2773,96368057.2724077
2619,125240081.29784419
1796,84692118.03997181
1598,39384675.25991239
1965,73867317.42981334
2651,68745093.93213746
609,90506565.86782442
1990,87397350.45253947
1053,140958091.16408038
2877,71058978.62977308
497,127611370.17208351
514,134924367.96937042
759,67099367.25736867
2474,91813895.72171935
1193,81041677.91291611
1415,77065710.11115654
2048,57647348.149769075
2483,75366337.96370158
2883,63057854.64919962
1111,99739844.83375067
2072,537497473.9970143
1450,104769055.50675482
274,57224554.1549112
413,50718039.65940198
751,57699860.26715511
2897,84493781.09547536
207,52102972.4335503
2269,84373066.8473881
891,72944632.72497092
2863,99603748.73442273
1298,56177210.688468546
1292,89017925.03079331
1687,103671474.18391733
2749,90254074.64549728
2875,60834887.63517146
1029,98134487.29497212
1581,113410625.43461908
612,83123585.06880559
139,83273063.85730655
1335,72444174.08218025
2531,78982780.70067246
681,65170284.01602761
1383,67586316.5595641
1359,59058932.57839101
1226,77480294.84224956
63,124390262.07825792
1869,89046596.28489484
2468,78432981.58798988
1135,94733816.36753613
719,49924951.987624645
405,42781030.64159328
2506,62729401.70619872
2380,145142582.78902957
1565,116480708.53793696
1727,66992215.961637944
1661,86197191.24610555
1967,84780983.38823184
2267,89170576.98904571
1389,74503886.0183921
2553,84645183.7778689
1459,101896756.10436116
1739,74122298.54783401
172,56642729.41993196
788,99211830.22319676
1979,45781478.95357144
1801,97499020.31606394
931,94823892.77126376
2471,71001147.50983234
2899,86564741.42658901
2544,91012954.47007586
1386,102527657.83904763
315,282674604.1707887
1932,82394594.17434856
1660,99846588.15005393
2353,87239068.77913556
2139,99657629.62042321
1585,92861664.36712839
1602,123639314.75506304
2888,84279079.34816687
965,116969371.07495128
645,91033508.2401685
789,89814849.24282263
1015,94572649.62334043
1264,91897768.60305159
1972,59534715.488794506
1481,77767430.32321037
954,85568015.56792192
2499,136400165.16983554
824,90121756.39027107
2769,71385923.44287561
123,87079683.15214843
1862,145444397.2426864
1308,79708068.91098431
1758,68086903.10018589
2236,58177784.66968848
2912,76322822.57616043
2093,111882341.93339778
2128,89323875.18573445
679,58192987.58656985
1313,96234990.17837362
2534,86952735.77031177
1273,76768617.72346202
219,89873342.66848995
133,89963983.08097053
38,110214156.80667987
2408,95396995.21482797
1575,104101154.63599381
1671,104958181.02489445
2000,69256440.32850151
2621,79919841.14764783
1996,92622864.14357793
1976,64591966.78336509
1861,158092711.4146467
1600,41943303.54370438
298,123994608.00072515
875,80634814.56224087
1205,60400006.58870501
763,94058723.39187048
512,87162155.31191239
592,95873346.1591451
1255,67086568.541388854
355,86901053.95979787
1676,45643827.2932978
2599,73397664.55802967
312,86632362.55361813
1124,88952731.59279671
1702,156673275.0910255
2434,80101304.55326957
1432,80569766.35377878
689,76873428.80186324
1349,62209580.888656065
1759,87276872.43418719
893,53090173.811571166
944,65232691.7650176
2109,98532397.12376553
316,93578868.19523217
2529,91552134.9949028
1448,84603578.34438951
871,102155021.80819166
142,100453288.10895048
1515,66013288.85630724
1970,92708962.77106507
572,58966158.12714144
2200,64558237.61195027
2147,109622871.82872933
249,77798123.25622952
162,73478667.81624481
664,62924239.22346162
1516,69491521.75072986
16,310595846.60826975
1808,69876824.18864274
425,120115152.42568928
1372,74123010.15307122
2495,93637819.67277867
661,95171570.77225995
1301,87873983.92234606
396,71020948.09680994
2663,78589636.06508815
50,74265918.69536807
886,91988235.58299603
696,56218887.28028177
2454,123560399.74084009
2106,84691972.6564648
353,90246816.9705401
441,101700271.88761929
2270,119001322.02979669
1924,75273194.36378141
1402,207183177.69379964
1070,103584263.94790904
2696,75245617.70576714
1840,70061226.52051313
1562,78662021.69652092
2426,53369373.15524618
1162,55057131.25894579
1874,86029145.02791226
111,101950778.6398508
1207,69261995.0783177
140,92646430.18573476
545,110240037.61861311
1338,67884529.89996822
2873,65640911.24763384
924,93377268.26578635
844,95858121.18223466
901,98544111.25577454
2195,118971429.13891873
2081,56808969.39686057
2774,97331862.9566832
2573,77387270.07417123
1793,87218289.29170942
882,83414884.49427943
2791,90854012.13363999
297,139414515.5439245
509,94687564.44222072
1115,108699224.13981588
773,67538124.30338699
732,60131163.830458194
1552,60050125.738333546
226,84195068.83609757
2830,55419219.12036544
2238,43965015.879467234
982,65750519.233403176
1265,96224582.97387588
559,77129818.24167348
1203,92453089.93826944
2083,89190292.51025692
2130,102005938.68279229
2455,103482680.96429616
535,69725322.10660018
2019,56583172.19481812
2655,76863781.13026665
2391,109868031.15073939
154,64557059.6136083
999,133580288.48438698
1400,97622463.71950683
2807,98458292.04419023
516,79252445.77838644
1753,79901481.7939214
734,65691642.19275409
1209,92198048.7439583
1994,109265140.15220638
1901,84477709.96867533
2413,81763583.66095853
2630,72930861.94353074
1428,100291865.46196204
1271,77767324.39959264
2464,95962273.16997959
2653,66495305.95890588
1505,64876423.76576718
2110,84498568.68550943
2386,134364467.60016498
1086,77560135.20723693
1574,105343077.4514463
406,39593431.52979171
2757,93575300.7527065
2559,90411427.64172338
1469,55616045.47159482
407,40350571.67773504
2300,66258788.03236271
731,73350881.13245572
2230,210778766.4332187
1688,102798618.78233318
880,105091910.74142438
1074,91910183.09911025
771,93296249.54865657
724,92426164.20406972
730,68860835.8055415
273,81755377.7253448
2793,95546785.05755739
1789,85377761.03440945
1900,66363700.70643218
677,63587466.85215189
747,74878386.33155036
1038,88856124.48649739
1763,99745889.03161469
1283,67870464.06709217
2803,55859926.35712059
1927,82607685.1637677
1036,77086590.60154594
1237,75154147.64678869
1375,108116816.14552777
1643,126712903.36326186
2453,110097374.95292747
2129,95581050.85984324
2640,81225160.00997327
2437,77649782.55827923
1123,92972686.11801472
2398,123778185.46501023
1420,110789897.81580536
2693,66420740.48368832
1370,79164594.73971194
392,95149953.942296
1351,74283419.15292406
246,107640368.77455206
802,118863537.93914588
1404,94388554.98560728
803,129384659.93842871
1595,44217374.23214024
1319,75666268.2181155
2231,135172410.37139845
2162,84947292.57664241
2622,58878354.33777367
1300,54505078.819923565
2505,53705609.00301942
582,83722105.72173257
1458,92616408.92736354
281,60689172.64914967
2298,64307381.33702234
2580,86703451.52352534
568,50142848.31285565
1807,68941442.27088886
129,116749628.55616044
2294,119123989.04496667
1860,88367972.11894254
839,90758551.67320746
2349,91302583.85239133
1903,50198584.80523293
234,130031422.46097054
2172,107422923.37055488
2588,84315951.23181087
1289,115108392.52175586
1596,51818574.080599956
264,116931957.00467196
451,92488705.0093567
536,70203926.12035422
43,114567304.84388642
2223,150502666.733671
2009,82309119.85803151
394,78677612.3411633
1738,72355092.92766722
1196,97655858.91973348
828,77345690.85700265
1694,138159124.90906549
571,60007774.678585544
1192,116305944.96537492
1806,108516681.55014959
962,83334641.31178916
2142,81956012.04062736
1648,111382091.53774345
618,101045174.32253398
2108,73979889.05604382
772,89374739.15983938
2672,68759176.5378957
2492,68703579.24643965
2903,116728157.77608375
2783,76239391.53296217
786,102352019.86975348
740,71975780.00087264
2546,83347853.1387479
851,100057380.07048927
1833,112015331.01442282
76,69583107.94447479
2151,126896979.56628028
1880,76877293.24367768
2907,72133661.35967554
1831,128732672.92109051
2836,80362836.21614343
1955,74779491.11940657
1926,76296214.62778026
2924,116848615.4492659
1003,62938336.76998318
1667,66794782.84732562
2905,83588983.14174525
921,74683010.81259987
1780,92861115.3904339
746,69730084.28157696
254,137043892.30492193
606,91479403.1249873
2703,61806953.408241965
1306,92082936.09377812
2102,88194286.61484906
1784,88606970.47803926
941,85245606.29147558
2699,92734048.5603553
2127,72967491.1990784
2607,81919470.82730535
1754,77616434.25596015
1367,67759513.29011053
580,90956858.4798131
341,109559983.82353276
26,76197039.4406102
2667,169348505.65567943
2884,91058662.88505046
28,78592275.99522707
531,73948515.63516024
2189,71658780.35560207
2508,44623339.03398832
573,59784328.47047852
1363,79973558.1994817
487,77564767.1466039
1083,59228502.730528116
1620,72071016.32640693
1929,99163781.24488162
1820,74758878.73849034
1398,80974646.62368916
2177,86307283.12171647
2144,62523199.12438763
2697,57922380.81805771
1403,275831025.91697824
596,73407128.14726524
922,79518806.26987545
2065,104202595.16242738
1710,126998271.80083662
1034,82506934.14729336
1057,143809247.66513237
470,71309235.79793073
819,106769735.7092419
2160,83174499.0324744
2552,69274328.35586038
41,108444365.86201032
742,67111341.43667816
686,84222826.0874339
314,112218252.60042833
1630,75085877.11433773
191,85484298.65246579
1626,84751374.89524947
59,89143224.05089352
2632,81827850.96778513
1835,68950582.12635009
2675,71134393.86844216
1503,97836234.46638483
1963,69908171.7284258
1352,100231702.20781977
1519,85565369.87852345
1305,56288422.049530596
2014,65805475.75501493
1,182943033.03576374
1052,125120644.15146329
622,80887619.77480906
913,72503824.43796638
1058,130976731.39874512
2348,106490951.01568045
1527,99810858.52680014
1011,116084959.03912815
1332,61284409.84238533
709,45084235.59019012
209,154446314.64842826
619,98993401.75151391
2150,79878527.19995175
2704,51908245.92702079
2839,66559021.02433855
1242,80821774.6668082
2714,72474368.38274942
799,76807740.74693123
1260,77130580.85599919
2107,77152345.59969813
2486,72669792.3756377
1911,84543374.9683697
896,97332018.58385701
272,87359221.36982785
2521,62602521.86189644
2324,78102562.26726696
1953,89332045.70648585
887,71319258.63616347
1479,96275666.36326066
1317,90165046.57417497
1750,92473885.07528397
2815,73694695.05646574
2692,65299432.29930834
1090,76930904.13428402
1912,84542335.97923124
1634,60928459.7383439
1974,61797997.24287614
1764,135561138.90906924
634,77499553.94952805
1683,50106534.49294837
2199,75333555.81628692
2789,53699133.85367925
1018,111901755.91864604
14,89750663.32380626
2782,81595738.58238615
2626,65229037.12350596
1175,97098907.77010463
1232,81782269.96843983
2590,100930908.10340045
2463,93660503.48327377
2358,88591779.65313411
2911,81902692.83948848
1699,99377122.53363658
115,91808406.18931247
1998,111481205.38729101
589,84685508.4448983
1641,85899993.96136858
2821,81840601.77132103
1846,54094133.49514225
1805,104414321.84753242
1853,101399763.69903891
1321,121105373.103986
564,139288489.201182
1771,107209517.81128532
90,111821280.78831372
2684,53867233.34992705
13,74140971.18882039
445,115927953.47857195
1914,77038785.15248595
2811,91795402.50139487
850,112166856.39014784
1844,61263504.0280315
2225,141161294.3753127
1477,79588001.57779329
399,64071944.84946155
2431,134669293.4693368
1605,61793131.98671173
897,70035631.4130766
1426,136194853.13252455
2240,71876636.05073927
1706,113692312.95922141
2252,109070500.32152313
1136,99138843.02173008
1877,86058242.67600118
424,152906011.43524975
1182,91006504.29038285
2750,87525733.0623602
1016,240846487.67161974
2436,72688730.44061875
1607,62428041.082631275
2337,129644392.24716514
1233,84404875.65993391
419,64457637.00565512
633,97462902.94085424
2722,132153451.95458376
469,63524077.28105068
1365,65339408.354172476
1098,77586108.48366976
711,50765795.409000486
2808,92641599.08529235
1959,93507199.189395
2720,106199382.96950974
2170,73361439.79539874
603,87520008.82169066
2113,80662135.99139597
1146,80958066.40215167
2105,85751607.46486507
1786,93303635.74664527
961,121586927.78148758
1405,52825805.06639635
1324,76043861.89288618
1986,59425469.01919323
307,68227058.03491688
180,98336580.85943563
2896,102933299.70178282
668,90141414.48084962
1582,124915149.28217016
2285,63298144.4789045
2079,111903908.9954305
2272,122001101.71298051
2250,77167205.22095044
502,113214350.71505381
2166,74250252.92811693
1622,84373992.17935385
1299,57961561.06454047
832,86267406.80089872
2470,72308613.13271786
1017,135924963.1024785
1384,80072590.0416193
1790,88417013.61796132
2530,90879744.52947196
2893,66635795.939525925
2027,62594792.18774057
683,62114748.42378564
823,85531348.85445693
2374,59545998.546210155
1594,59047813.988107055
2049,87126073.60083902
1813,78779998.64294325
365,94144374.99810533
176,46604110.8331559
510,88816393.42784102
1326,77727960.23878235
2423,66308414.85117119
1631,118481668.26316656
1263,95648908.30817145
1046,46539782.13450792
47,153098730.998326
1424,80620072.5454819
429,109271254.67725056
1031,97571851.91065323
1635,70633499.92960824
309,78079593.47686647
1020,92530772.26730792
178,62148553.5170088
1975,75111070.37016904
2096,90320297.35538349
865,102458074.12133546
385,85344172.99235131
1362,75909193.45126273
1091,83595492.85935031
317,80364332.54450573
1076,76325249.23930384
1573,145113987.07285598
485,107065468.3496622
2021,58570842.11197106
2032,64006323.85399508
2604,79181765.02513191
1615,134378049.55676
2736,133615725.88372932
473,53283839.73755625
1316,77594090.5549474
244,72007657.93369088
152,93482267.67375818
1588,121979018.19522625
2111,71260401.50631061
813,76242607.71709332
1854,91373517.45168059
2575,80976815.18351099
867,110683527.31115119
2879,87367510.58778697
1494,71464862.4089027
2771,92405100.25431782
496,137038489.427118
1651,101840989.17019784
1913,86737471.00446416
2790,105887501.21469194
1541,171514105.75363103
1684,69196381.14034846
301,126176340.2060479
1569,83200328.04040997
2153,124336029.95683019
1467,94413827.54859991
2540,82533943.75923312
2368,41756860.2979014
874,99155509.42032334
463,59865230.6488575
784,117172289.82273994
2149,90106167.98433548
2069,92226329.76528507
1743,60750973.960461654
472,59284244.3253335
1921,90550223.91802223
2778,108795690.44856898
526,95337685.58230576
2795,83324308.58863232
478,76929500.45030972
2841,68861532.48246212
119,89492522.63805875
1960,66851910.74554525
1277,71420652.36634833
2466,78082947.55972044
2844,54860089.75576604
1028,128985926.93055582
1043,39987038.68618172
231,66087809.24548351
461,132571151.9603881
33,56254020.0628021
1795,80326974.36581983
1073,111808809.77474363
1576,105185426.9875182
2044,81411907.46810578
185,91592875.42926161
1828,147184481.62852743
344,137249324.76016286
2152,104358226.26902357
1752,84971767.91003951
2637,76814574.7330898
1000,79678685.32971872
727,65251703.09779937
2612,67310484.97550637
2422,57791430.51254335
752,87200951.26217389
15,79864242.74437088
2319,106540393.5465661
2681,68246126.99851933
1006,77299555.61032355
2596,70200505.5950118
2002,102194047.28234728
55,92825693.8285837
2104,104722846.88410869
1682,54843505.40183827
977,103435623.85664827
2548,79904466.3329237
340,104856572.01686193
1487,99961867.67522576
1423,92352917.76690982
1342,50139632.9387056
1949,89879765.53887393
2444,98536133.89098904
345,92131989.56138095
650,72417141.5390124
192,73418798.69798352
1945,95890372.97403677
2277,111869784.5425698
1266,167754348.86934078
674,128146238.7837373
2823,74962939.17387705
2772,87526963.5775922
2015,62324400.658505775
2642,67359404.06694707
144,75746210.69219336
1712,105400845.45213294
1708,128232938.14538236
2890,90653007.75830832
1157,91144826.16527015
2550,78347355.00051957
1104,104463095.90802827
2183,52475337.271537356
2887,85352276.6491114
29,75928297.74804044
108,64666419.921222396
2286,39361561.145840056
1533,93179377.72111878
376,97767916.22663966
800,84613647.84814696
1395,68171307.88965075
388,100933511.71423028
1689,112845049.49246871
716,83730813.26999004
2737,131828125.89537741
120,82203932.13041362
1230,90486290.26967685
2047,69504473.43645908
1293,101729922.19767705
1915,91760078.3752998
1968,87212443.71304606
1766,116590517.44080031
268,102834602.96823552
729,143891809.25170237
902,68341015.46983248
993,84341252.62586388
766,75134455.83031203
903,85618381.1557403
1221,42885410.68380756
1719,76731769.20752653
1521,84334882.642521
2707,77834124.46867716
987,81129812.68846478
2558,65907022.18968263
1778,107040536.56131671
2601,89273838.13699943
74,92992806.57595827
2190,74807888.28679132
701,74546741.71317844
2556,53534306.35099056
2293,80746236.55129394
787,96805156.88805407
595,87734349.41235769
66,148087022.4801021
846,87257882.45835485
594,65168183.960353866
792,82475818.2016524
1200,105712110.59677948
768,72043702.0512622
174,70786114.63600123
1889,74561814.02417248
1023,126815791.37438193
363,81378694.13983737
1401,135196103.06531048
1978,71606374.53711277
2097,114148184.43277344
2840,114428252.65394153
862,68800069.3909278
507,87690202.89815123
1262,82477020.31171037
1228,70792109.65654624
1288,56692732.25307056
1243,103364769.89884858
1850,93158331.65220812
1589,91882306.0189064
1658,105160909.65727748
446,118480417.671256
1097,112651931.79758373
2329,88647518.41401953
1909,79685982.86711726
2608,100750885.98581927
656,82707983.45387991
1690,133961098.38344316
2853,65066632.351792626
2229,143224188.17217743
1127,103505860.8774571
2606,90690905.29399222
1268,64828112.285604015
2809,80171874.82658818
529,106419029.93145184
476,86733142.91788355
2566,85098973.30953276
1902,37757034.07325474
1547,45226317.463852584
1185,77502972.30098078
2372,44040353.9040781
2282,152503083.85571408
910,134110118.24461891
1128,76737301.11255558
1659,97581242.55719586
1852,92154393.12745036
456,71508260.11798964
2410,58383210.28601928
1296,57538140.85508853
2682,61246378.15659675
237,82272960.15119584
1666,85424954.88074628
2666,85245020.73179694
662,71765480.02423282
2490,74745331.43555003
672,84427093.03537747
2915,39278702.39047249
452,79741155.59070556
321,106415536.6374094
2124,89772621.58140804
1278,89376522.42017668
914,70658073.98043118
579,97113247.92770097
1418,71658892.35922204
1166,55292018.777150854
1797,84151222.5738527
2568,80779648.71731918
2075,110987336.59913145
2445,100456434.72477129
229,123733380.86993074
1663,76914861.2601959
2727,91013438.49245387
2226,41213059.88814849
130,67210550.77120031
1675,95514203.13847145
2038,60775446.00586661
2416,90489475.35936831
2507,46890115.28640288
269,55452247.878907286
981,66810873.5847168
2296,77898318.99543771
940,84202755.57012789
475,74130602.82767361
2404,79123767.46050152
2491,76088006.26755212
601,67302064.29042873
1640,89874618.6528972
2926,74250020.15706605
653,81173670.64359169
2406,72853239.43155876
2701,126721291.50544043
1472,110029934.65587607
417,52171390.12555296
2664,51322803.28024656
283,75508559.36246139
302,62411970.16450272
2053,95054502.99354266
2662,57820806.83598476
99,49407573.24594656
2674,67947262.42405556
1218,91883539.06423096
2547,89537900.50021884
197,70508817.27322657
2091,91243163.2194482
87,75331390.05393012
690,74023411.08373061
2364,89127249.80263527
2050,97987745.57037489
769,96778542.8393204
348,125986958.24343622
200,70949523.13432004
2759,111047150.57252267
1700,133438033.07054667
876,78095142.25402257
2536,79037899.49307196
1821,69982872.7439343
2743,85973334.02168074
1329,72879413.37164584
1451,65060479.13546748
936,41948351.889223576
1948,55083713.8514308
1839,65536721.89932148
2057,69807726.46222846
558,75358618.99967933
2731,51460551.281738974
791,79998621.18887421
1421,102343925.25149627
2881,58912254.78643244
2820,76978197.25341812
1609,87815599.55029418
1495,80095780.25295298
2388,114223847.00014868
938,143292147.1335996
1194,75729809.6963795
2429,74429347.64892735
1937,69504427.42818506
1847,54665338.67886833
1550,69681418.88904355
2705,63082280.48099238
2713,91468322.49751951
1938,73955006.98989967
1819,59364770.77546735
23,78732193.26656383
2289,39946040.376072586
1156,132177873.98728211
2717,72956629.4090385
2101,93359471.33012812
1377,88050938.8425787
1381,82351228.30301629
2502,129268043.61762564
2609,85951698.93027994
505,268135677.94889548
1126,94935150.42673127
2914,36674828.076015905
393,83297741.23098254
2405,78226798.7610984
67,88559979.65183596
2227,124826169.09622358
669,89640112.54705246
1772,115181780.60991254
1775,111777004.22606416
403,40560062.08608206
2792,89667185.71607967
1247,81812649.54338369
384,81525378.99178359
91,94870994.85678132
863,109513170.75540607
1857,99162397.61505881
1870,102967393.7858941
2318,112824379.79372856
2100,106624967.18864445
1213,84271863.24774887
2046,145550413.89599457
710,55390085.02916019
2268,72243843.39185482
816,119500273.95842694
1616,95204397.35809745
2233,67643277.51199281
439,106191084.61355038
260,100505912.81694975
2523,277608553.1356962
627,109278615.954981
251,73620635.66977684
2163,81147920.87623331
2819,79975938.40081215
1025,108205052.44726183
2592,101434988.09128174
1491,72816945.1604799
2742,90164028.2083544
2497,69920137.32933846
495,110531180.41831651
2528,113263596.11309262
1033,126877841.44624382
764,94058567.67918153
1165,53051025.99554433
2037,99159263.77502716
113,102456360.0571273
1572,71129582.53809685
2052,75250684.47059502
2702,72636049.09021647
1981,65205174.50463277
2335,147842347.57637307
563,63477740.16108478
1502,56214583.022647016
1310,60595589.44991714
2598,57873796.7425576
2715,88630687.53333962
1810,77965456.52692242
778,105103007.01128499
339,87308423.21015577
2460,92374301.32431228
320,98189082.65257391
2461,77546486.09945527
2449,108009222.51077394
817,103459202.41512112
1096,70060667.02377273
1893,83829737.03465673
479,71550332.02359228
1657,102305929.33370185
937,108556921.84333043
879,55552807.81793107
945,78471041.83673167
1010,69756914.35427408
2861,100622814.34518662
1245,85545262.1303767
854,103997389.06495391
1437,84457885.77011864
586,104155606.098069
1947,73529104.94101982
815,65703716.90876486
831,96610421.58705652
1919,73402316.6426395
2306,90942527.2997965
430,123444112.9584779
2618,141898580.2283831
245,83748906.50677675
462,76335825.38761954
182,70109036.71507521
1625,73347331.08643988
2381,131157368.53658374
1827,61804703.94450924
1580,100309010.63217308
1803,92245249.74263941
1132,74182360.51934697
1941,90458636.57600142
1742,58283888.5649866
2026,74093109.10818636
2245,63641496.10582596
1691,124092409.19006246
725,60652348.10125316
1787,93375805.08268431
1216,83016268.9464221
2654,56824950.6832717
2310,105479065.88267231
761,82278360.99313301
1884,81298868.14501816
449,152470332.0620695
856,77194223.03495926
11,83683516.14185196
389,87106134.96370849
2415,105033270.39392525
77,95008033.0067072
1238,80581792.74382097
223,66654064.02410025
723,66593939.62585146
2562,111674733.19101237
995,89087858.36833633
287,69822935.3260222
1152,70695367.25133927
1449,77678754.08391352
1330,67360895.76338007
1134,96460508.04780772
706,64481798.84433467
1617,83701435.17981838
1339,63550963.54026373
1664,80222041.93183462
1433,76285437.22515197
75,93381119.20768163
2255,77137559.71172157
1170,70968104.08476725
45,142150857.0874797
836,93141835.74756671
8,64717112.56730571
1704,100840221.1232558
2068,66811550.31195377
1488,82150995.51306902
1391,102706711.09975371
2633,72536147.01252277
1872,87539300.3252663
1138,77297333.89251049
1899,72419126.1690507
915,66095239.22143283
660,77796408.76307523
2004,62520366.810535364
443,104771282.19423606
2627,63627378.576150626
1438,89292052.318985
1525,102748138.2645068
2644,53002147.6385889
866,107920139.59394155
620,78650710.67387496
2451,161759369.7319134
2186,78453812.16281086
2025,72844417.11132751
1916,135847129.57963946
1542,115885424.9392657
1163,50520258.495621905
205,48031895.18914112
2261,86827674.45292008
423,136316867.59126276
2687,198139514.1003371
1436,105346355.90903756
444,111348649.30911252
1067,105883511.14330974
2290,36345259.044829935
168,92974874.97357288
2643,46000180.27751674
2802,92672402.70027295
1224,90583699.02345845
1382,77604697.4628018
853,76436935.3582028
2237,88200399.78578548
2585,91904761.5757147
2193,70592427.06996192
2262,87115807.73684426
1528,57325816.41668136
370,103146697.71422099
2629,72416457.69523267
1703,126838854.67014451
793,67045468.26471612
1429,102031251.22548956
648,69109981.19053747
279,66000038.10457356
1705,98542038.6310535
1257,91108278.5403997
2894,262801607.01808566
1062,88780827.78017592
1729,82705744.28828122
1925,96044548.22118656
415,53336688.84729681
78,64490890.24427243
428,123115715.70358656
1756,76496394.59921116
1280,59562139.79538449
1928,110151369.63215655
2671,62729486.53404754
2501,124675777.98327252
225,69289755.2474526
2317,143295393.0120772
160,82807842.97077776
100,71051559.6974287
482,74483264.67348972
177,64072006.82128014
1971,81808505.0488349
484,92137891.40080547
1561,78669689.1768574
992,101673785.91533798
73,97800073.38150175
2646,67519065.98180859
994,76806812.81241618
2138,77534584.49251153
2013,56124544.513088696
2126,108977402.51006834
898,48735323.487245396
1048,52273667.57026762
2676,59662966.593515046
2498,73628556.43692572
1560,85828186.94973764
296,95023202.76521139
354,74155992.15441348
970,91165065.10689722
884,82779380.90272184
1894,92126966.487763
450,112896717.45433924
2031,83837840.58402784
949,103026712.92549731
1907,80835491.32711777
1906,92422446.17234969
549,72367738.16670613
243,87483738.58664423
1697,119970277.1561704
2365,45570997.00088432
310,99932052.9097442
1961,70517239.22223513
849,103470053.32079576
2018,65847272.264446005
1328,69607643.3773201
801,118635929.22447118
400,66162711.95473017
1650,98506400.83568288
1084,54237355.09985879
1522,96877580.18027121
2496,71083782.75760101
220,101895090.56003255
1254,105221004.69683337
1443,103088523.1427624
2885,79688276.12431271
2920,40646368.12926313
1197,108299148.32957101
848,95657189.9557373
926,91655306.57820985
2158,121980427.00340667
1555,54915623.734383315
278,83127687.7564766
2522,62218517.2897803
434,130424258.58076368
2683,64940621.45505495
2173,74168904.80957818
894,67008150.00485707
1066,104069397.20337828
1261,86591566.46732017
537,89549658.98607881
2301,92315539.20793861
2854,80281870.3429652
2649,59585900.96887638
2776,101123792.95870328
2403,115866868.8393611
2355,94799416.07045256
1983,61119627.00916109
547,77503095.49326022
1842,52899447.0832982
2748,114038175.45661102
2425,67517869.48626907
2837,69569316.07608938
2456,127010741.9675581
2114,120349087.3805761
1890,67185634.21786678
621,83638419.07342136
1427,114012004.34925525
1728,105445551.00094448
2472,90949520.44599792
610,89490390.28029951
1950,75284145.51711753
94,76759294.24264301
1745,56419729.10709
744,56450468.464127444
1859,86284353.39790231
2343,106769813.14690588
1713,101876511.82058062
1816,68145130.81063749
2390,96086732.66183321
364,100517052.95862845
684,70525965.03480864
32,39899943.980829686
1698,130929111.5128979
1129,96594510.07765205
165,65081864.73052114
935,41020565.61257451
1802,87647092.7287672
250,95969526.8988718
2668,60144397.128472544
236,72294197.09423171
2117,278695178.3422884
2029,56744620.04817907
636,96300480.93616822
1155,66511142.41348045
739,55857534.79898048
1608,102390035.9134999
1087,78597565.359429
1774,106755133.36984083
2816,78157896.52315421
2194,72027155.68544416
523,78075702.87226108
2767,343062382.4193138
1837,64246531.295815036
2284,60439119.90835949
1434,78403280.56353417
2794,116111251.08176266
2625,63629616.32324246
794,68377418.2559583
708,60935915.68514922
286,61640770.88781778
62,104797696.7981407
1647,93467604.1168363
2054,88151266.56931832
1102,104559121.92534135
654,71326221.21285872
1089,72073179.52827443
604,108731660.05781429
2838,78923258.43761942
2777,86961986.77159706
1723,89961148.7926519
349,72557043.32843474
2313,96121751.98252805
2279,227380301.44956535
1346,78186555.84405997
2770,90531940.28149995
2923,102851596.14573489
1619,79125490.15708107
2178,72893101.09517723
1160,62460525.3770195
1755,88923531.27734895
2412,80967403.84423816
889,76070025.87246846
1186,92929586.99147868
1613,91702228.86820066
411,53947138.6371026
810,76526170.56257372
548,78199759.608456
2179,73362354.78949152
2746,70590041.93801397
1486,66807170.03410834
2168,82927785.33969198
2061,70977193.93807901
1131,85466196.48447755
2738,168510585.2677749
929,105808039.11911872
362,72242725.35025631
652,92147437.72798605
1466,72669021.05631836
2087,95678973.32585183
1442,101467367.25893818
2744,65339177.70468287
1511,106987163.90719818
2175,65469253.06565553
1236,77049491.94952852
2448,110790513.04296508
60,125749920.7533523
346,110566012.77479404
678,74680467.37943965
2481,80931105.8711164
2729,79864171.99128114
453,72667415.77130607
2234,50364860.76449421
2007,82356062.77288318
20,118503019.4862811
2217,100122974.31559247
232,79320337.8066532
1982,72739473.96779968
1570,103463354.8884026
195,60391656.42618496
2307,85980400.77395819
504,110268571.19125192
1644,103323384.59780441
939,143038148.86150092
1591,75946628.57466121
2001,84985798.47617948
2379,139775027.95067316
1100,111826306.6490575
1118,93241461.0345925
1593,107017155.44403307
2338,110248145.66436365
458,141568178.5121102
1454,95660663.81068955
641,89461389.01543714
644,84280986.34559692
840,113965665.59833518
1307,153296303.3427898
1809,94712650.25409624
56,85233678.46079598
1905,52846366.09907061
2060,71360675.92265676
1085,55464525.106007315
305,64597844.73418475
671,72262779.37626725
833,115976961.9777387
2891,103938337.47371446
486,105935967.05707163
334,63424157.45047064
1804,102038406.5470943
2690,45019266.77123376
299,57751973.712804414
466,76269757.39286785
440,102805070.05997132
378,113034263.49204613
513,93411561.21991655
1597,42036439.27230823
613,97717257.7507418
2798,139367669.92091915
239,78509871.84426293
1080,83688885.50715408
375,105851251.17591223
1638,297118407.48030233
2593,168787413.78824162
623,86405443.83338091
964,96885380.81842595
917,65460755.060660556
122,96574651.01284644
2443,109688829.06657754
1354,82736506.47420055
2058,71836331.85619532
2326,80948044.7020508
1222,71981507.78727333
1251,64328932.50233505
65,118043596.1911518
498,138497433.8340254
749,96163448.53277759
1782,108218307.11360487
477,74446286.34318925
2826,53080882.67397015
1601,38339717.24956075
990,94194990.35936503
1791,105241130.21811748
2131,83122144.43327717
371,115103632.14175496
2377,46589308.39295997
1832,96544380.78918523
561,81582897.42898183
1063,108164864.68292606
325,85709664.78130965
1577,76670713.73785582
2851,97552683.35580866
1410,114244260.21082647
691,58643051.35731433
2691,80932730.77681105
2780,104291819.60262765
374,128022978.27723071
1995,80379963.8621505
602,72914624.72751643
1422,112761385.57201459
1056,123230568.52584209
1151,91752249.88243577
1843,55326504.85932705
2595,69551289.09683438
1041,39417800.1258243
980,43358846.669957824
1871,98895745.38849646
2363,62669762.664850436
2880,74834027.80496223
1217,86046313.31030175
1715,95251016.1172765
112,113607057.00349051
454,71461224.14039451
2253,96526733.93695538
560,68752800.61342356
303,59459853.645548694
1004,87665186.39495996
2167,77653285.72390935
2440,95059309.72371933
2810,77080765.70150365
2872,132242886.9950616
1072,95099055.31772512
1654,93609124.87313244
2394,100833398.44562809
2212,73987379.01346123
2628,83505295.26114069
2526,146270986.1440182
969,126161424.62526987
306,71305418.13673654
25,93679460.2303617
311,86593140.76461667
300,56394462.57451628
2775,94300407.44502154
2862,82550570.81132306
525,96569411.04940216
2730,92943757.3297121
1892,77928856.89954558
2288,42831736.09106244
2728,125710209.41958424
1065,133642540.74130942
2842,71916252.5423614
2011,60388818.17408759
1140,79585426.26344012
1051,121816771.48261432
1587,108473583.46630654
785,84198664.16899733
916,78444840.14694987
639,84039462.39990713
10,77765854.56258996
